planet_id,transit_index,transit_time_utc,transit_pred,transit_pred_err
b,0,2014 Jun 04,1980.383755354506,0.0002918311881975061
c,0,2014 Jun 08,1984.2736641719716,0.0011248847321284146
b,1,2014 Jun 12,1988.3038932955078,0.0002411175203810958
c,1,2014 Jun 20,1996.1842889232641,0.0009291374552712076
b,2,2014 Jun 20,1996.2221847047695,0.0002224097654602254
b,3,2014 Jun 28,2004.1409787161897,0.00020814645579421
c,2,2014 Jul 02,2008.0920424545895,0.0007028867454757779
b,4,2014 Jul 06,2012.061454880519,0.00019032536672109254
b,5,2014 Jul 14,2019.9801109845969,0.00018779967053603175
c,3,2014 Jul 14,2020.0008676673963,0.0007368996059338003
b,6,2014 Jul 22,2027.8992503189643,0.00021406350393523844
c,4,2014 Jul 26,2031.9064541093044,0.0007374446184961089
b,7,2014 Jul 30,2035.8201019091073,0.00023961995247559647
b,8,2014 Aug 07,2043.7391631838307,0.00024038927364306424
c,5,2014 Aug 07,2043.8132322125743,0.0009031263510192563
b,9,2014 Aug 15,2051.658678518457,0.00028076265431627807
c,6,2014 Aug 19,2055.7165115699495,0.001030275067574511
b,10,2014 Aug 23,2059.579927458849,0.00032524074514491005
b,11,2014 Aug 30,2067.4994167340087,0.00032073393929019436
c,7,2014 Aug 31,2067.6210884607985,0.0011846033260915845
b,12,2014 Sep 07,2075.419320733292,0.0003593939574651104
c,8,2014 Sep 12,2079.522022266378,0.0013383815762383717
b,13,2014 Sep 15,2083.3409727476574,0.0004090247961144451
b,14,2014 Sep 23,2091.260894450342,0.00039815914719879664
c,9,2014 Sep 23,2091.424343779794,0.0014576299462901016
b,15,2014 Oct 01,2099.181181758722,0.00043150637021464704
c,10,2014 Oct 05,2103.3229933211414,0.0016062764835779787
b,16,2014 Oct 09,2107.1032261306527,0.00048133862324329957
b,17,2014 Oct 17,2115.023566487728,0.0004654184443000681
c,11,2014 Oct 17,2115.223106636127,0.0017031736004204765
b,18,2014 Oct 25,2122.944214474313,0.0004931577937772353
c,12,2014 Oct 29,2127.1196271489207,0.0018392672472643007
b,19,2014 Nov 02,2130.866624509115,0.0005416719294083558
b,20,2014 Nov 10,2138.7873526413687,0.0005230270479309538
c,13,2014 Nov 10,2139.017676281351,0.0019384979425249368
b,21,2014 Nov 18,2146.7083228199886,0.0005456849382836947
c,14,2014 Nov 22,2150.9123084298662,0.0020644116954766298
b,22,2014 Nov 26,2154.631057002259,0.00059301941184543
b,23,2014 Dec 04,2162.552126753339,0.0005745257572208421
c,15,2014 Dec 04,2162.8085255592046,0.0021958709224341086
b,24,2014 Dec 11,2170.4733667774585,0.0005926366568927359
c,16,2014 Dec 16,2174.701583460663,0.0023186706666539023
b,25,2014 Dec 19,2178.396370459162,0.0006399575600606765
b,26,2014 Dec 27,2186.3177228870522,0.000624543683256895
c,17,2014 Dec 28,2186.596276685197,0.0025108574113207765
b,27,2015 Jan 04,2194.23916900556,0.0006382425260690555
c,18,2015 Jan 08,2198.488133895303,0.0026387207722680015
b,28,2015 Jan 12,2202.1623767331616,0.0006873318868150658
b,29,2015 Jan 20,2210.0839428866357,0.000677511332283534
c,19,2015 Jan 20,2210.3816723744026,0.0029116822798261233
b,30,2015 Jan 28,2218.0055227435278,0.0006863581603135401
c,20,2015 Feb 01,2222.2727457316305,0.003050759809292437
b,31,2015 Feb 05,2225.9288609044543,0.0007393541027453702
b,32,2015 Feb 13,2233.8505649408057,0.0007368002545862207
c,21,2015 Feb 13,2234.1655424229243,0.003412344175835149
b,33,2015 Feb 21,2241.7722006097665,0.0007398531857999808
c,22,2015 Feb 25,2246.056275520555,0.0035650241386123356
b,34,2015 Mar 01,2249.6955903947687,0.00079904480833519
b,35,2015 Mar 09,2257.6173528067743,0.000804450134484414
c,23,2015 Mar 09,2257.9487700349423,0.0040123616654284015
b,36,2015 Mar 17,2265.5389639629475,0.0008005558824553248
c,24,2015 Mar 21,2269.839614829819,0.004176976773045945
b,37,2015 Mar 24,2273.462324506371,0.0008682375765763314
b,38,2015 Apr 01,2281.38406536897,0.0008814736866725911
c,25,2015 Apr 02,2281.7322549814653,0.004700376135224172
b,39,2015 Apr 09,2289.30557253744,0.0008696561807883802
c,26,2015 Apr 14,2293.623654055423,0.004871887283812627
b,40,2015 Apr 17,2297.228824125035,0.0009479929011184345
b,41,2015 Apr 25,2305.150466422196,0.0009684286160992118
c,27,2015 Apr 26,2305.5168774713093,0.005458200755290239
b,42,2015 May 03,2313.071794095113,0.0009482213592626404
c,28,2015 May 07,2317.40924639949,0.005628822796932366
b,43,2015 May 11,2320.99486133089,0.001039054027720402
b,44,2015 May 19,2328.9163340512528,0.0010658270299680425
c,29,2015 May 19,2329.303462453682,0.006263285572309648
b,45,2015 May 27,2336.837413839856,0.001037431117721549
c,30,2015 May 31,2341.197173085716,0.006422993268433517
b,46,2015 Jun 04,2344.7602286619963,0.0011419893115947202
b,47,2015 Jun 12,2352.6814698344983,0.0011741173724785468
c,31,2015 Jun 12,2353.0927454854104,0.007089711398348618
b,48,2015 Jun 20,2360.602243319173,0.0011383126645691573
c,32,2015 Jun 24,2364.988110697115,0.007226416598813351
b,49,2015 Jun 28,2368.52474775136,0.0012568825640617914
b,50,2015 Jul 05,2376.4457072195005,0.0012931971899540497
c,33,2015 Jul 06,2376.8853415134017,0.007908431278182408
b,51,2015 Jul 13,2384.3661284974037,0.0012510352024364998
c,34,2015 Jul 18,2388.782601740886,0.008008071847985392
b,52,2015 Jul 21,2392.288277019172,0.0013826939780834382
b,53,2015 Jul 29,2400.2089188600626,0.001421675465392928
c,35,2015 Jul 30,2400.6817164523873,0.00868693861086402
b,54,2015 Aug 06,2408.1289566660266,0.0013740556273323563
c,36,2015 Aug 11,2412.581029911072,0.008733942738152284
b,55,2015 Aug 14,2416.0507180685836,0.0015165821179335792
b,56,2015 Aug 22,2423.971022525217,0.0015562033513630595
c,37,2015 Aug 22,2424.4821664208716,0.009390048740896493
b,57,2015 Aug 30,2431.890661696293,0.0015035165539797894
c,38,2015 Sep 03,2436.3836013919968,0.00936743207110233
b,58,2015 Sep 07,2439.8120204266843,0.0016534873445988943
b,59,2015 Sep 15,2447.7319852168403,0.0016911541234862217
c,39,2015 Sep 15,2448.2868016572584,0.009980020327793026
b,60,2015 Sep 23,2455.651227594674,0.0016330825651991263
c,40,2015 Sep 27,2460.190333309576,0.009870334794829247
b,61,2015 Oct 01,2463.5721843102897,0.001786158664865528
b,62,2015 Oct 08,2471.491825191637,0.00181878927353126
c,41,2015 Oct 09,2472.0955393637196,0.010418250227287413
b,63,2015 Oct 16,2479.410689678661,0.001754360667092944
c,42,2015 Oct 21,2484.0010507773277,0.010204765283840749
b,64,2015 Oct 24,2487.331261187376,0.0019056580279403702
b,65,2015 Nov 01,2495.250611695028,0.0019299033609164098
c,43,2015 Nov 02,2495.9081053719287,0.010667490574007222
b,66,2015 Nov 09,2503.169133549991,0.0018577708532076253
c,44,2015 Nov 14,2507.815392351531,0.010335892923012341
b,67,2015 Nov 17,2511.089352040208,0.002002284031739041
b,68,2015 Nov 25,2519.008462367906,0.0020148666295192598
c,45,2015 Nov 26,2519.724043676252,0.010695024552047763
b,69,2015 Dec 03,2526.9266917542905,0.001933769453633629
c,46,2015 Dec 08,2531.6328242363,0.010235908280208532
b,70,2015 Dec 11,2534.8466033932327,0.0020668388896328753
b,71,2015 Dec 19,2542.765538450289,0.002064982460396998
c,47,2015 Dec 20,2543.5427363178137,0.010477143683757871
b,72,2015 Dec 27,2550.6835383243797,0.001974353248987935
c,48,2015 Dec 31,2555.452662125755,0.009889278615625958
b,73,2016 Jan 04,2558.6032013157687,0.0020921874431106256
b,74,2016 Jan 12,2566.522038048356,0.0020741086098927243
c,49,2016 Jan 12,2567.3634286718698,0.010004613564327875
b,75,2016 Jan 19,2574.439881509076,0.0019748151468801595
c,50,2016 Jan 24,2579.274099971024,0.00930002836127956
b,76,2016 Jan 27,2582.359363718533,0.002075086123185926
b,77,2016 Feb 04,2590.278187825973,0.0020405182479455736
c,51,2016 Feb 05,2591.185261713083,0.009290268655214703
b,78,2016 Feb 12,2598.1959550635743,0.0019357396615729764
c,52,2016 Feb 17,2603.096243622556,0.00850187871656894
b,79,2016 Feb 20,2606.1153313199934,0.0020182532310245097
b,80,2016 Feb 28,2614.0342335221803,0.001968955240912072
c,53,2016 Feb 29,2615.007307883662,0.008379685155973109
b,81,2016 Mar 07,2621.9520085005147,0.001865144098192521
c,54,2016 Mar 12,2626.9181483240563,0.007573581289948606
b,82,2016 Mar 15,2629.8713576705686,0.0019325190472644662
b,83,2016 Mar 23,2637.7904296950965,0.0018726528775068014
c,55,2016 Mar 24,2638.828610998359,0.007366825692974512
b,84,2016 Mar 31,2645.7082966918547,0.0017802911652609978
c,56,2016 Apr 05,2650.7388582537073,0.006660835214644385
b,85,2016 Apr 08,2653.627698630663,0.0018383621730239674
b,86,2016 Apr 16,2661.5470290745966,0.0017744230109786464
c,57,2016 Apr 17,2662.648226281038,0.0064158640121568826
b,87,2016 Apr 23,2669.4650691947177,0.0017076036073211006
c,58,2016 Apr 29,2674.5574471814975,0.005992300121518498
b,88,2016 May 01,2677.38460153195,0.001764865444566983
b,89,2016 May 09,2685.304271898099,0.0017043887818131778
c,59,2016 May 10,2686.4652604820785,0.005769796625147601
b,90,2016 May 17,2693.2225596742473,0.001677386729665436
c,60,2016 May 22,2698.3730582063217,0.00582486819952066
b,91,2016 May 25,2701.142294743184,0.0017423779677825204
b,92,2016 Jun 02,2709.0623756185832,0.0016907792092379892
c,61,2016 Jun 03,2710.278911007943,0.005668323047514829
b,93,2016 Jun 10,2716.980975821314,0.0017111229516506544
c,62,2016 Jun 15,2722.184941418561,0.006257001211806326
b,94,2016 Jun 18,2724.9009775972922,0.0017882230394198405
b,95,2016 Jun 26,2732.821525408489,0.0017450071340552964
c,63,2016 Jun 27,2734.088500904396,0.006146151274674779
b,96,2016 Jul 04,2740.7404902020653,0.0018081060503538904
c,64,2016 Jul 09,2745.992487564645,0.007121976443204437
b,97,2016 Jul 12,2748.6608114855503,0.0018950661153384954
b,98,2016 Jul 20,2756.5818659160245,0.0018531548025793611
c,65,2016 Jul 21,2757.8935092391885,0.006984034928203897
b,99,2016 Jul 28,2764.5012325053776,0.0019446293766444119
c,66,2016 Aug 02,2769.7952560150698,0.008141059802483535
b,100,2016 Aug 04,2772.421912474484,0.0020341147954254
b,101,2016 Aug 12,2780.3434947317223,0.0019831720031298667
c,67,2016 Aug 14,2781.6935943322956,0.007899098313801617
b,102,2016 Aug 20,2788.263283642102,0.002085920795227305
c,68,2016 Aug 26,2793.5929950311865,0.009077675157031962
b,103,2016 Aug 28,2796.1843459285874,0.002168825188205415
b,104,2016 Sep 05,2804.1064579696795,0.002099189006018432
c,69,2016 Sep 06,2805.488609351019,0.008674495098772814
b,105,2016 Sep 13,2812.026672075752,0.0021985721244057463
c,70,2016 Sep 18,2817.3856532202703,0.009770982901732788
b,106,2016 Sep 21,2819.9481235049793,0.002266507166371652
b,107,2016 Sep 29,2827.8707482492764,0.0021714570455746885
c,71,2016 Sep 30,2829.2786081186046,0.009173842517697324
b,108,2016 Oct 07,2835.7913726253573,0.002257164288171168
c,72,2016 Oct 12,2841.173381194544,0.010126294007675871
b,109,2016 Oct 15,2843.7132027231105,0.0023037749821404906
b,110,2016 Oct 23,2851.6363051776893,0.0021803347788487007
c,73,2016 Oct 24,2853.0638417706323,0.009327280874532379
b,111,2016 Oct 31,2859.557307798408,0.00224649171823363
c,74,2016 Nov 05,2864.9565237909333,0.010104751123162009
b,112,2016 Nov 07,2867.479489110962,0.002268070834684061
b,113,2016 Nov 15,2875.403018351822,0.002117044302864924
c,75,2016 Nov 17,2876.8447463293674,0.009120807113348093
b,114,2016 Nov 23,2883.324351520519,0.0021617495882759966
c,76,2016 Nov 29,2888.735603240787,0.009716888604254207
b,115,2016 Dec 01,2891.246840732093,0.0021574612626869276
b,116,2016 Dec 09,2899.1707324111217,0.0019832110810318435
c,77,2016 Dec 11,2900.6219223335715,0.008590329915485018
b,117,2016 Dec 17,2907.092334967008,0.0020078397370408927
c,78,2016 Dec 23,2912.5112949096633,0.00901818605048236
b,118,2016 Dec 25,2915.015074741951,0.0019796776444662816
b,119,2017 Jan 02,2922.93925407412,0.001789830912333157
c,79,2017 Jan 03,2924.3961079328187,0.007818313496389067
b,120,2017 Jan 10,2930.8610540964773,0.001798251593188226
c,80,2017 Jan 15,2936.284397221547,0.008105354547795809
b,121,2017 Jan 18,2938.783975531768,0.001750805267615139
b,122,2017 Jan 26,2946.7083605115085,0.0015561548571390938
c,81,2017 Jan 27,2948.16814712153,0.0069321430343188785
b,123,2017 Feb 03,2954.630278453263,0.0015538059448465642
c,82,2017 Feb 08,2960.0557975153006,0.007112593600030717
b,124,2017 Feb 11,2962.5533039949755,0.001493895480654956
b,125,2017 Feb 18,2970.477808708112,0.0013087208164679106
c,83,2017 Feb 20,2971.938954881474,0.00609926434959089
b,126,2017 Feb 26,2978.3997607554506,0.0013013809564319503
c,84,2017 Mar 04,2983.8264354555185,0.006203295393924726
b,127,2017 Mar 06,2986.322807479394,0.0012376465837489294
b,128,2017 Mar 14,2994.247345400145,0.001080351789867513
c,85,2017 Mar 16,2995.709480238377,0.005502056145471792
b,129,2017 Mar 22,3002.169247013302,0.0010724584217350441
c,86,2017 Mar 28,3007.5972653820927,0.005541258984854529
b,130,2017 Mar 30,3010.092230041879,0.001014520582165085
b,131,2017 Apr 07,3018.016717236451,0.0009065787510545332
c,87,2017 Apr 08,3019.480668848359,0.005262738314869711
b,132,2017 Apr 15,3025.9384866524415,0.0008988424603571049
c,88,2017 Apr 20,3031.3692187542256,0.005221134791817709
b,133,2017 Apr 23,3033.8613226781213,0.0008550315206611113
b,134,2017 May 01,3041.7856808559663,0.0008123946223327244
c,89,2017 May 02,3043.2534259742847,0.0053511125463465625
b,135,2017 May 09,3049.707242502773,0.00080046406737413
c,90,2017 May 14,3055.143167687283,0.005196473293741443
b,136,2017 May 17,3057.6298532609626,0.0007732529086415483
b,137,2017 May 25,3065.5540125992316,0.0007913531559860319
c,91,2017 May 26,3067.028580843807,0.00559981181554227
b,138,2017 Jun 01,3073.475300300603,0.0007695332014580292
c,92,2017 Jun 07,3078.9198903990023,0.005307590172395051
b,139,2017 Jun 09,3081.3976157839106,0.0007539498345573456
b,140,2017 Jun 17,3089.3215175745236,0.0008086190466197905
c,93,2017 Jun 19,3090.8068533529868,0.00582000950894065
b,141,2017 Jun 25,3097.2424774384967,0.0007767861055589267
c,94,2017 Jul 01,3102.7000398513246,0.0053909360124035416
b,142,2017 Jul 03,3105.1644389541793,0.000767681050505518
b,143,2017 Jul 11,3113.0880377861163,0.0008330643915733932
c,95,2017 Jul 13,3114.5888241565362,0.005884428859462349
b,144,2017 Jul 19,3121.008630663674,0.000800488157895403
c,96,2017 Jul 24,3126.484116166491,0.005358717434789821
b,145,2017 Jul 27,3128.930193393595,0.000801066547705208
b,146,2017 Aug 04,3136.8534590114637,0.0008594862456969933
c,97,2017 Aug 05,3138.374909311597,0.005753963230404044
b,147,2017 Aug 12,3144.773662408848,0.0008450602095396266
c,98,2017 Aug 17,3150.2724443188263,0.005231158213084532
b,148,2017 Aug 20,3152.694797476131,0.0008687655142691344
b,149,2017 Aug 28,3160.6177161042638,0.000910672828542513
c,99,2017 Aug 29,3162.16534056071,0.005490451281674722
b,150,2017 Sep 05,3168.5375254365,0.0009369825574475171
c,100,2017 Sep 10,3174.0651581092015,0.005149626663562941
b,151,2017 Sep 12,3176.4582213463596,0.0009999958697365795
b,152,2017 Sep 20,3184.3807964126668,0.0010220145572872044
c,101,2017 Sep 22,3185.9601526800716,0.0052701586557880814
b,153,2017 Sep 28,3192.3002255037286,0.0011009841996484162
c,102,2017 Oct 04,3197.8621915320177,0.005344826751477388
b,154,2017 Oct 06,3200.220488869771,0.0012099185482615413
b,155,2017 Oct 14,3208.1427410544793,0.0012116845433253773
c,103,2017 Oct 16,3209.759178786952,0.005350961219808254
b,156,2017 Oct 22,3216.0618218127147,0.0013358301743098332
c,104,2017 Oct 28,3221.6632784520034,0.005994933599323045
b,157,2017 Oct 30,3223.9816773078455,0.001484379586380429
b,158,2017 Nov 07,3231.903643844519,0.001464048855043328
c,105,2017 Nov 09,3233.562054324608,0.00591319114371591
b,159,2017 Nov 15,3239.822425103727,0.0016134162063126372
c,106,2017 Nov 20,3245.4679610025823,0.007070235288330265
b,160,2017 Nov 23,3247.7419146097536,0.0017878248289925998
b,161,2017 Dec 01,3255.6636478253586,0.0017399005512841775
c,107,2017 Dec 02,3257.368230309308,0.006892976160699705
b,162,2017 Dec 09,3263.582193361019,0.0018915095178833777
c,108,2017 Dec 14,3269.2756072690877,0.008363427840467943
b,163,2017 Dec 17,3271.5013743279997,0.0020752561488877577
b,164,2017 Dec 24,3279.4229394294953,0.0019914669162347074
c,109,2017 Dec 26,3281.1769956572257,0.008041140296879811
b,165,2018 Jan 01,3287.3413252254772,0.002123363668588226
c,110,2018 Jan 07,3293.0854374510955,0.0096121559770917
b,166,2018 Jan 09,3295.2602682893917,0.002299255903472131
b,167,2018 Jan 17,3303.1817404571602,0.0021708827792720833
c,111,2018 Jan 19,3304.987507888852,0.009072328228308005
b,168,2018 Jan 25,3311.1000513396416,0.0022634477091137395
c,112,2018 Jan 31,3316.896558101499,0.010566162823119205
b,169,2018 Feb 02,3319.0188372851294,0.0024149969181336385
b,170,2018 Feb 10,3326.9402981858893,0.0022361290576301375
c,113,2018 Feb 12,3328.798831412485,0.00973535693434751
b,171,2018 Feb 18,3334.8586239712904,0.002273329141661618
c,114,2018 Feb 24,3340.7080028121277,0.011012007876076172
b,172,2018 Feb 26,3342.7773401530344,0.0023866250981840194
b,173,2018 Mar 06,3350.698874035024,0.002159464734911036
c,115,2018 Mar 08,3352.6099810931205,0.009837556221900717
b,174,2018 Mar 14,3358.617305374556,0.002131437398203519
c,116,2018 Mar 20,3364.518777855551,0.010794093670342269
b,175,2018 Mar 22,3366.536041748169,0.0021985249888489397
b,176,2018 Mar 29,3374.4577313302243,0.0019450824762815547
c,117,2018 Mar 31,3376.4199693790342,0.00927368448571305
b,177,2018 Apr 06,3382.3763554598036,0.0018552526994674548
c,118,2018 Apr 12,3388.327909947404,0.009852149757746242
b,178,2018 Apr 14,3390.295200401732,0.0018820954499948605
b,179,2018 Apr 22,3398.2171227915937,0.0016758312548555857
c,119,2018 Apr 24,3400.2278540465672,0.008097961968415763
b,180,2018 Apr 30,3406.136019366748,0.0015651381080207078
c,120,2018 May 06,3412.134493911554,0.008313670298553939
b,181,2018 May 08,3414.0550555036493,0.0015931837305534955
b,182,2018 May 16,3421.977278382386,0.0016110672857976998
c,121,2018 May 18,3424.0327844491376,0.006740736599593295
b,183,2018 May 24,3429.8965156884574,0.0015960371453420336
c,122,2018 May 30,3435.9377372235676,0.006779505083443064
b,184,2018 Jun 01,3437.815815890075,0.0017102754169044355
b,185,2018 Jun 09,3445.7383941845246,0.0020830638130930374
c,123,2018 Jun 11,3447.834042947887,0.006472072087662034
b,186,2018 Jun 17,3453.658025834904,0.0022357038623049283
c,124,2018 Jun 23,3459.736999154245,0.006820893769447935
b,187,2018 Jun 25,3461.577649685941,0.0024571974189933005
b,188,2018 Jul 02,3469.5006229065307,0.003062347354521246
c,125,2018 Jul 05,3471.6310797836168,0.008667793193139971
b,189,2018 Jul 10,3477.42068527748,0.003334680748577834
c,126,2018 Jul 17,3483.5318218912075,0.009587572646194097
b,190,2018 Jul 18,3485.3406761623255,0.0036303757386185478
b,191,2018 Jul 26,3493.2640665299105,0.004348499409146823
c,127,2018 Jul 28,3495.4235391256707,0.012849444087123034
b,192,2018 Aug 03,3501.1845770506025,0.004688493480289801
c,128,2018 Aug 09,3507.321952257822,0.01416640800263607
b,193,2018 Aug 11,3509.1049600504543,0.00503012933825974
b,194,2018 Aug 19,3517.028771478834,0.0058025925739708575
c,129,2018 Aug 21,3519.2112755383973,0.01806985261198074
b,195,2018 Aug 27,3524.949727873913,0.006172102508768157
c,130,2018 Sep 02,3531.1073529028636,0.019589177320565095
b,196,2018 Sep 04,3532.870508592421,0.006534701526239897
b,197,2018 Sep 12,3540.7947265362627,0.007324943342571382
c,131,2018 Sep 14,3542.9943596684093,0.02375188113735723
b,198,2018 Sep 20,3548.7161070509037,0.00769186254102714
c,132,2018 Sep 26,3554.88820271915,0.02530320382888582
b,199,2018 Sep 28,3556.6372714445174,0.008050324612213059
b,200,2018 Oct 06,3564.5618635511482,0.00882871158799071
c,133,2018 Oct 08,3566.773073632404,0.029490179297071345
b,201,2018 Oct 13,3572.4836281265534,0.009163841048683388
c,134,2018 Oct 20,3578.6648868619777,0.030912103170291163
b,202,2018 Oct 21,3580.4051432455535,0.009492755444711736
b,203,2018 Oct 29,3588.330060811797,0.010232572375281863
c,135,2018 Nov 01,3590.54789666633,0.03493932780670697
b,204,2018 Nov 06,3596.2521531219554,0.010509297616865108
c,136,2018 Nov 12,3602.437977561151,0.03607823688810955
b,205,2018 Nov 14,3604.173968850894,0.010783846597839885
b,206,2018 Nov 22,3612.0991488168206,0.011460732944550838
c,137,2018 Nov 24,3614.3194821960783,0.039787373447095896
b,207,2018 Nov 30,3620.021499035381,0.011655747165024263
c,138,2018 Dec 06,3626.2082068911673,0.04050284325901784
b,208,2018 Dec 08,3627.943550550215,0.011853012722360907
b,209,2018 Dec 16,3635.868918073376,0.01244545071608632
c,139,2018 Dec 18,3638.088627799678,0.043757268861352915
b,210,2018 Dec 24,3643.791446213922,0.012539824778878855
c,140,2018 Dec 30,3649.9764333145245,0.04392956051130584
b,211,2019 Jan 01,3651.713657093245,0.012640172051640888
b,212,2019 Jan 09,3659.6391285184604,0.013130356139765074
c,141,2019 Jan 11,3661.856239628092,0.04661711270593117
b,213,2019 Jan 17,3667.5617481564855,0.013110655020105923
c,142,2019 Jan 23,3673.743603609837,0.046154983508011185
b,214,2019 Jan 24,3675.484033965329,0.013099071729929364
b,215,2019 Feb 01,3683.409520014721,0.013473911857700588
c,143,2019 Feb 04,3685.6232929176185,0.04819291868784514
b,216,2019 Feb 09,3691.332142298895,0.013333154721787753
c,144,2019 Feb 16,3697.5107118422757,0.04704083155749626
b,217,2019 Feb 17,3699.2544144779795,0.013200453835897604
b,218,2019 Feb 25,3707.1798237044477,0.01345249668289161
c,145,2019 Feb 27,3709.3907902120263,0.04838126499730793
b,219,2019 Mar 05,3715.1023613405096,0.013190923824620506
c,146,2019 Mar 11,3721.278756948594,0.046525387820370176
b,220,2019 Mar 13,3723.02453123458,0.012934717845507497
b,221,2019 Mar 21,3730.949773498202,0.013062973918289172
c,147,2019 Mar 23,3733.159718700338,0.0471602576998857
b,222,2019 Mar 29,3738.8721446837644,0.012688439081429902
c,148,2019 Apr 04,3745.0487004500874,0.044632901313873936
b,223,2019 Apr 06,3746.7941275426992,0.01231380243443217
b,224,2019 Apr 14,3754.7191174853565,0.012324348074586638
c,149,2019 Apr 16,3756.931008271825,0.04459784211949111
b,225,2019 Apr 22,3762.64124957946,0.011852285775369148
c,150,2019 Apr 28,3768.8214258042935,0.041480227430382606
b,226,2019 Apr 30,3770.5629683512084,0.011372074205768364
b,227,2019 May 07,3778.4876287539864,0.011278359459996027
c,151,2019 May 10,3780.705491811269,0.040856955494780196
b,228,2019 May 15,3786.409461466899,0.01073134097402802
c,152,2019 May 22,3792.5977009082126,0.03728091901436
b,229,2019 May 23,3794.3308502896402,0.010166140973355116
b,230,2019 May 31,3802.2551151973307,0.00998896570241725
c,153,2019 Jun 02,3804.4838693337792,0.03619807446285023
b,231,2019 Jun 08,3810.176603269563,0.009395839157949244
c,154,2019 Jun 14,3816.378145282975,0.03234850581083917
b,232,2019 Jun 16,3818.097610393747,0.008773749055656092
b,233,2019 Jun 24,3826.0214278771755,0.00854093040141196
c,155,2019 Jun 26,3828.2666775610246,0.030981475413205947
b,234,2019 Jul 02,3833.942543019062,0.007935767758035337
c,156,2019 Jul 08,3840.163203464812,0.027103193480285073
b,235,2019 Jul 10,3841.8631331172924,0.007292290556674583
b,236,2019 Jul 18,3849.7864675371193,0.007038099064730284
c,157,2019 Jul 20,3852.0542664845616,0.025673223834553692
b,237,2019 Jul 26,3857.7071995756046,0.006459142597656994
c,158,2019 Aug 01,3863.9531259332707,0.02208638695830665
b,238,2019 Aug 03,3865.6273552828998,0.005837821817601732
b,239,2019 Aug 11,3873.5501889115103,0.0056020367215832215
c,159,2019 Aug 13,3875.846784215943,0.0208540575526435
b,240,2019 Aug 18,3881.4705460765745,0.005090568187735451
c,160,2019 Aug 25,3887.7479586742743,0.017965518350295424
b,241,2019 Aug 26,3889.390268700626,0.004544481582514527
b,242,2019 Sep 03,3897.3126025657675,0.004369384363532571
c,161,2019 Sep 06,3899.64417113235,0.017187570360813944
b,243,2019 Sep 11,3905.232610902364,0.003966172640059995
c,162,2019 Sep 18,3911.5475421191227,0.015405815875342805
b,244,2019 Sep 19,3913.1519201978626,0.0035555410304797855
b,245,2019 Sep 27,3921.0737741233875,0.0034736531761674293
c,163,2019 Sep 29,3923.4461637074096,0.01518613286357122
b,246,2019 Oct 05,3928.9934760680435,0.0032036194076037385
c,164,2019 Oct 11,3935.351519659929,0.014603391808852747
b,247,2019 Oct 13,3936.9124092179063,0.002969748081693459
b,248,2019 Oct 21,3944.833820884812,0.0029748122724587316
c,165,2019 Oct 23,3947.2523083040473,0.014725448409978291
b,249,2019 Oct 29,3952.753273095586,0.0028151424368329046
c,166,2019 Nov 04,3959.1593554694127,0.014915686256574393
b,250,2019 Nov 06,3960.67188283662,0.0027296282035209605
b,251,2019 Nov 14,3968.5929060035182,0.0027667144650619017
c,167,2019 Nov 16,3971.0619837810136,0.014989164513785036
b,252,2019 Nov 22,3976.512176575277,0.0026475924122261944
c,168,2019 Nov 28,3982.970360584689,0.015360563888325506
b,253,2019 Nov 29,3984.4305286388094,0.00262412501469478
b,254,2019 Dec 07,3992.351230540763,0.0026404417673215907
c,169,2019 Dec 10,3994.8744320087876,0.015105777561901956
b,255,2019 Dec 15,4000.2703957670105,0.002504948198457757
c,170,2019 Dec 22,4006.7837262089274,0.015250776999301332
b,256,2019 Dec 23,4008.188565763423,0.0024744334835555127
b,257,2019 Dec 31,4016.109023843409,0.00246991808979738
c,171,2020 Jan 03,4018.688794396332,0.014600458721889009
b,258,2020 Jan 08,4024.0281646975645,0.002325770916568071
c,172,2020 Jan 15,4030.598561957893,0.014366058201610717
b,259,2020 Jan 16,4031.946234608162,0.0022834269530498685
b,260,2020 Jan 24,4039.866532767955,0.0023415496566235893
c,173,2020 Jan 27,4042.5041525077845,0.013515889608329223
b,261,2020 Feb 01,4047.785731274682,0.002296799207760559
c,174,2020 Feb 07,4054.413937446896,0.013037005424823299
b,262,2020 Feb 09,4055.7037857221253,0.0023278949069737527
b,263,2020 Feb 17,4063.624010303951,0.002599865873836387
c,175,2020 Feb 19,4066.319570723432,0.01258396842487769
b,264,2020 Feb 25,4071.543345956862,0.0028039694304787684
c,176,2020 Mar 02,4078.2289248464185,0.012400002790187482
b,265,2020 Mar 03,4079.4614684225544,0.003009845678955399
b,266,2020 Mar 11,4087.3817041498373,0.003538863723819048
c,177,2020 Mar 14,4090.134138705008,0.013319156807593477
b,267,2020 Mar 19,4095.30125050001,0.003994182854311033
c,178,2020 Mar 26,4102.042640957216,0.014172549670924132
b,268,2020 Mar 27,4103.219519647494,0.004370018485928922
b,269,2020 Apr 04,4111.139845653536,0.005081586348778642
c,179,2020 Apr 07,4113.947011864174,0.016898611602198445
b,270,2020 Apr 12,4119.059667267112,0.005706791174139697
c,180,2020 Apr 19,4125.854286288473,0.018934209868472295
b,271,2020 Apr 20,4126.978153522591,0.0062064763133536675
b,272,2020 Apr 28,4134.898639815177,0.007035283136336153
c,181,2020 May 01,4137.757448452383,0.022970096226540695
b,273,2020 May 06,4142.81878954557,0.007764002580491555
c,182,2020 May 13,4149.663180051898,0.025843310511210235
b,274,2020 May 14,4150.737552074578,0.008345513986032303
b,275,2020 May 22,4158.658256429484,0.009245584224261423
c,183,2020 May 25,4161.564841286066,0.030613257556608226
b,276,2020 May 30,4166.578773269138,0.010027935550117592
c,184,2020 Jun 05,4173.468789146641,0.033973868946286664
b,277,2020 Jun 06,4174.497857477266,0.010653378923367944
b,278,2020 Jun 14,4182.418822980961,0.011585860682249744
c,185,2020 Jun 17,4185.368743187112,0.039085643227878525
b,279,2020 Jun 22,4190.339730490974,0.012379520297888103
c,186,2020 Jun 29,4197.270750628869,0.042652218587155094
b,280,2020 Jun 30,4198.259166159877,0.013012569156774798
b,281,2020 Jul 08,4206.180419483854,0.013941050621487306
c,187,2020 Jul 11,4209.168884860131,0.04781957320832673
b,282,2020 Jul 16,4214.101724887167,0.014707720479070477
c,188,2020 Jul 23,4221.068885809048,0.05135230637419826
b,283,2020 Jul 24,4222.021525030528,0.01531322792374507
b,284,2020 Aug 01,4229.943075500003,0.016202972047797665
c,189,2020 Aug 04,4232.965184836131,0.056340436298029366
b,285,2020 Aug 09,4237.864769483738,0.016907767268919974
c,190,2020 Aug 16,4244.86320611918,0.05962607843272151
b,286,2020 Aug 17,4245.784929971129,0.01745246476262259
b,287,2020 Aug 25,4253.706769447312,0.018270984673306012
c,191,2020 Aug 28,4256.757750715344,0.06423243628404104
b,288,2020 Sep 02,4261.628826683071,0.01888294122850307
c,192,2020 Sep 09,4268.653910102697,0.06708151786481376
b,289,2020 Sep 10,4269.54932664225,0.019336521466065317
b,290,2020 Sep 17,4277.471430193715,0.020054545181319643
c,193,2020 Sep 21,4280.546872078568,0.07113189590285131
b,291,2020 Sep 25,4285.393810562658,0.020547479058457257
c,194,2020 Oct 02,4292.441372553421,0.07338147321653017
b,292,2020 Oct 03,4293.3146135114275,0.02088373924796779
b,293,2020 Oct 11,4301.236940810775,0.021476220152114065
c,195,2020 Oct 14,4304.333005538846,0.07673137809417914
b,294,2020 Oct 19,4309.159591210331,0.021829653318580604
c,196,2020 Oct 26,4316.226125750319,0.07824938820694745
b,295,2020 Oct 27,4317.08064690612,0.0220275096573616
b,296,2020 Nov 04,4325.003144254931,0.022474543760339437
c,197,2020 Nov 07,4328.116752779217,0.08078716448816235
b,297,2020 Nov 12,4332.926001009827,0.022674467276203692
c,198,2020 Nov 19,4340.008834400898,0.08147691068473237
b,298,2020 Nov 20,4340.847247797964,0.022718838970905205
b,299,2020 Nov 28,4348.76985066228,0.02300643513260346
c,199,2020 Dec 01,4351.8988329329995,0.08312705696951557
b,300,2020 Dec 06,4356.692842322723,0.02304587530549581
c,200,2020 Dec 13,4363.790265482763,0.08293091111394806
b,301,2020 Dec 14,4364.614209954978,0.022928329463011148
b,302,2020 Dec 22,4372.5368458937155,0.02304902172852481
c,201,2020 Dec 25,4375.68005047794,0.08365685616679056
b,303,2020 Dec 29,4380.459896324666,0.022928346431740472
c,202,2021 Jan 06,4387.571254380665,0.0825587882469299
b,304,2021 Jan 06,4388.381309076585,0.0226474944758282
b,305,2021 Jan 14,4396.303900944358,0.022600762368347866
c,203,2021 Jan 17,4399.461260149573,0.08236485837607961
b,306,2021 Jan 22,4404.226932571817,0.02232768307468845
c,204,2021 Jan 29,4411.352668755403,0.08039155780939716
b,307,2021 Jan 30,4412.148312533463,0.02188932021622693
b,308,2021 Feb 07,4420.070781830577,0.021681776508746423
c,205,2021 Feb 10,4423.243330271794,0.07932384339515171
b,309,2021 Feb 15,4427.993718903267,0.021271027394227413
c,206,2021 Feb 22,4435.135371646679,0.07654432807594024
b,310,2021 Feb 23,4435.914989363835,0.020687914992698446
b,311,2021 Mar 03,4443.837259576852,0.02033329256587744
c,207,2021 Mar 06,4447.027105853202,0.07469021784022356
b,312,2021 Mar 11,4451.760031311388,0.019805981086651856
c,208,2021 Mar 18,4458.920185003946,0.07121389794669943
b,313,2021 Mar 19,4459.6811199385675,0.01909743622054798
b,314,2021 Mar 27,4467.60311994161,0.018616156405294352
c,209,2021 Mar 30,4470.813372745581,0.06870019821810779
b,315,2021 Apr 04,4475.525663425468,0.017998794730853005
c,210,2021 Apr 11,4482.707854932004,0.06467365494571377
b,316,2021 Apr 11,4483.446505341854,0.01718991951705567
b,317,2021 Apr 19,4491.368172532373,0.016608380112998596
c,211,2021 Apr 23,4494.602824116963,0.06166325088876088
b,318,2021 Apr 27,4499.290435271619,0.01593163254038646
c,212,2021 May 04,4506.499019887346,0.057266231929698756
b,319,2021 May 05,4507.210975807363,0.01505227761388985
b,320,2021 May 13,4515.13225897726,0.014401782444729531
c,213,2021 May 16,4518.3960304622215,0.053953554211754844
b,321,2021 May 21,4523.0542009874,0.013698989334294028
c,214,2021 May 28,4530.294182910835,0.04939514331305104
b,322,2021 May 29,4530.974398024292,0.012782510703595932
b,323,2021 Jun 06,4538.8952598285905,0.012097860702906199
c,215,2021 Jun 09,4542.193414339202,0.046000679878385554
b,324,2021 Jun 14,4546.816855188917,0.01140341711365934
c,216,2021 Jun 21,4554.093689230481,0.041516346396565616
b,325,2021 Jun 22,4554.736681007176,0.01048532334079269
b,326,2021 Jun 30,4562.65709986097,0.0098032091987354
c,217,2021 Jul 03,4565.995230888464,0.038280403836001384
b,327,2021 Jul 08,4570.578337714266,0.009150785160114425
c,218,2021 Jul 15,4577.897709768241,0.034130101524473905
b,328,2021 Jul 15,4578.497780265251,0.008267421160440247
b,329,2021 Jul 23,4586.417751672048,0.007624549486058125
c,219,2021 Jul 27,4589.801555171641,0.03130251653760259
b,330,2021 Jul 31,4594.3386365085,0.0070452953017973345
c,220,2021 Aug 08,4601.706231816275,0.027763552478737196
b,331,2021 Aug 08,4602.257700053901,0.006232752864642485
b,332,2021 Aug 16,4610.177237113695,0.005663876569230215
c,221,2021 Aug 20,4613.612277092026,0.025576096885670627
b,333,2021 Aug 24,4618.097788475794,0.005184231401091846
c,222,2021 Sep 01,4625.519057601443,0.02290452097376927
b,334,2021 Sep 01,4626.016493558334,0.004477614151030767
b,335,2021 Sep 09,4633.935626661137,0.0040130243847631255
c,223,2021 Sep 12,4637.4271043428325,0.021497144225509038
b,336,2021 Sep 17,4641.855878208923,0.003651350048861392
c,224,2021 Sep 24,4649.335810841685,0.019813448453198688
b,337,2021 Sep 25,4649.774260946116,0.0030837202538749873
b,338,2021 Oct 03,4657.6930366054585,0.0027444192529246505
c,225,2021 Oct 06,4661.245573565007,0.01911971528271654
b,339,2021 Oct 11,4665.613034608841,0.0025045221073732443
c,226,2021 Oct 18,4673.155951238619,0.018271120194953753
b,340,2021 Oct 19,4673.531145331139,0.002101169589396156
b,341,2021 Oct 26,4681.449624186785,0.0018877473998603063
c,227,2021 Oct 30,4685.067069390235,0.01800620733031322
b,342,2021 Nov 03,4689.369425521511,0.0017509459194762066
c,228,2021 Nov 11,4696.978795595873,0.017623520167559904
b,343,2021 Nov 11,4697.287326803164,0.001511404471941596
b,344,2021 Nov 19,4705.205580887006,0.0013962538491436838
c,229,2021 Nov 23,4708.89085038583,0.01747861052195837
b,345,2021 Nov 27,4713.12525063309,0.0013415884254675693
c,230,2021 Dec 05,4720.8035477459525,0.01722638476794297
b,346,2021 Dec 05,4721.043014782077,0.0012387275819497508
b,347,2021 Dec 13,4728.9611241990415,0.0012176827982012767
c,231,2021 Dec 17,4732.71608075883,0.017075742427511493
b,348,2021 Dec 21,4736.880732934581,0.0013027607129023804
c,232,2021 Dec 29,4744.62933141131,0.01683802757453832
b,349,2021 Dec 29,4744.7984390424235,0.0013460540024722385
b,350,2022 Jan 06,4752.716488264099,0.0014946151104519413
c,233,2022 Jan 10,4756.541866601872,0.016820801435118986
b,351,2022 Jan 14,4760.636109156718,0.0018046051145072684
c,234,2022 Jan 21,4768.455228250308,0.016760458358360764
b,352,2022 Jan 22,4768.553839815374,0.002008963030007221
b,353,2022 Jan 29,4776.471913809521,0.0023434861905347816
c,235,2022 Feb 02,4780.367294535741,0.017253338042711692
b,354,2022 Feb 06,4784.391619674608,0.0028469623432534987
c,236,2022 Feb 14,4792.280318067992,0.017748541980774628
b,355,2022 Feb 14,4792.309457412451,0.0031866868175744758
b,356,2022 Feb 22,4800.227637834345,0.003665274320853537
c,237,2022 Feb 26,4804.1914712561875,0.01915603368002453
b,357,2022 Mar 02,4808.147498176699,0.004312474853498205
b,358,2022 Mar 10,4816.065521840101,0.004761344585561373
c,238,2022 Mar 10,4816.103719542209,0.020534040597495848
b,359,2022 Mar 18,4823.983883490003,0.005347449591746241
c,239,2022 Mar 22,4828.013562144111,0.022967474497991237
b,360,2022 Mar 26,4831.903961681288,0.0061026321128243525
b,361,2022 Apr 03,4839.822242880266,0.006635055925449187
c,240,2022 Apr 03,4839.924629875237,0.025254857274345097
b,362,2022 Apr 11,4847.740850591157,0.0072964298877149355
c,241,2022 Apr 15,4851.8328273301995,0.02850837818517183
b,363,2022 Apr 19,4855.661201272604,0.008128186790239092
b,364,2022 Apr 27,4863.579801100596,0.008715851322220823
c,242,2022 Apr 27,4863.74236099737,0.03150307886026175
b,365,2022 May 04,4871.498707173508,0.009420565270344995
c,243,2022 May 09,4875.648653254781,0.03527086381710124
b,366,2022 May 12,4879.4193739854945,0.010297768141134787
b,367,2022 May 20,4887.338340222685,0.010909841224778895
c,244,2022 May 21,4887.556368030863,0.03871071037124212
b,368,2022 May 28,4895.257582484431,0.011625729363440866
c,245,2022 Jun 01,4899.460578336637,0.042709601156470385
b,369,2022 Jun 05,4903.178596221432,0.012516981950152136
b,370,2022 Jun 13,4911.097961208987,0.013121507288287012
c,246,2022 Jun 13,4911.366272184379,0.04634384724828837
b,371,2022 Jun 21,4919.01756173828,0.013816869612151783
c,247,2022 Jun 25,4923.268311745602,0.05033241426754669
b,372,2022 Jun 29,4926.938939019749,0.01469112542133446
b,373,2022 Jul 07,4934.858718339038,0.015256639591775523
c,248,2022 Jul 07,4935.171874032091,0.053934893748594434
b,374,2022 Jul 15,4942.778682886951,0.015901303758631916
c,249,2022 Jul 19,4947.0717438575875,0.0577072350799952
b,375,2022 Jul 23,4950.700425415193,0.0167288562861684
b,376,2022 Jul 31,4958.620617451058,0.017225935851694733
c,250,2022 Jul 31,4958.973159304234,0.06107750781778705
b,377,2022 Aug 08,4966.540935545547,0.01779233256905182
c,251,2022 Aug 12,4970.870948352108,0.0644578814964615
b,378,2022 Aug 15,4974.4630299943265,0.018545886373790166
b,379,2022 Aug 23,4982.38361636829,0.0189484713853388
c,252,2022 Aug 24,4982.770295840283,0.06742208678002294
b,380,2022 Aug 31,4990.30426208422,0.019412612344705694
c,253,2022 Sep 05,4994.666175879601,0.07026367468850252
b,381,2022 Sep 08,4998.226680627271,0.020068297737633713
b,382,2022 Sep 16,5006.147627440145,0.020354733220243743
c,254,2022 Sep 17,5006.563622665158,0.07267651813268979
b,383,2022 Sep 24,5014.068560767924,0.020697026968635592
c,255,2022 Sep 28,5018.457840119741,0.07486232090629351
b,384,2022 Oct 02,5021.991262221258,0.021235279817765216
b,385,2022 Oct 10,5029.912522001132,0.021389019059743025
c,256,2022 Oct 10,5030.353632038173,0.07660919197958785
b,386,2022 Oct 18,5037.833690715698,0.02159493639071388
c,257,2022 Oct 22,5042.246497027381,0.07805365849024128
b,387,2022 Oct 26,5045.756622234023,0.022001197342792763
b,388,2022 Nov 03,5053.678136324953,0.022011306453759746
c,258,2022 Nov 03,5054.14094561024,0.07905246521958563
b,389,2022 Nov 11,5061.599478373725,0.022071767994135925
c,259,2022 Nov 15,5066.03281875473,0.07970293328586327
b,390,2022 Nov 19,5069.52257761705,0.022336973978370273
b,391,2022 Nov 26,5077.444278998541,0.022198355620467788
c,260,2022 Nov 27,5077.92628629195,0.07990539223621435
b,392,2022 Dec 04,5085.365725160146,0.022109966350167397
c,261,2022 Dec 09,5089.817563595258,0.07974286357166273
b,393,2022 Dec 12,5093.288922828006,0.022230823586899245
b,394,2022 Dec 20,5101.21073915044,0.021944248650931822
c,262,2022 Dec 21,5101.710446650023,0.0791350278180283
b,395,2022 Dec 28,5109.132215933355,0.02170934164030515
c,263,2023 Jan 02,5113.6015433089615,0.07817429874563109
b,396,2023 Jan 05,5117.055438555103,0.021688380426939057
b,397,2023 Jan 13,5124.977295279355,0.021260362106980596
c,264,2023 Jan 13,5125.494255441627,0.07677647809460661
b,398,2023 Jan 21,5132.898727948128,0.020886854340739985
c,265,2023 Jan 25,5137.385589113871,0.07506550527399596
b,399,2023 Jan 29,5140.821900818699,0.020732277077319568
b,400,2023 Feb 06,5148.743724363163,0.020174807445887503
c,266,2023 Feb 06,5149.27854337025,0.07293165613303912
b,401,2023 Feb 14,5156.665039958923,0.01967591914452313
c,267,2023 Feb 18,5161.170517455811,0.07055017963574385
b,402,2023 Feb 22,5164.588090141898,0.01940120314886051
b,403,2023 Mar 02,5172.509810955094,0.018731360658889352
c,268,2023 Mar 02,5173.064109100499,0.06776684068686199
b,404,2023 Mar 09,5180.430941306754,0.01812511725884513
c,269,2023 Mar 14,5184.957096589675,0.06482445771197154
b,405,2023 Mar 17,5188.35380050418,0.017748467894089147
b,406,2023 Mar 25,5196.275355987263,0.01698789340515999
c,270,2023 Mar 26,5196.851686540652,0.061509345303111744
b,407,2023 Apr 02,5204.196240513203,0.01629649190376147
c,271,2023 Apr 07,5208.746014974524,0.058143482030009914
b,408,2023 Apr 10,5212.118847802725,0.015840090016429206
b,409,2023 Apr 18,5220.040185002873,0.015014330450647217
c,272,2023 Apr 19,5220.641914356318,0.054444191521226044
b,410,2023 Apr 26,5227.960773259229,0.01426335908531283
c,273,2023 May 01,5232.537852483499,0.05081869324714375
b,411,2023 May 04,5235.88307755076,0.01375245764663156
b,412,2023 May 12,5243.804155533198,0.012890203126470276
c,274,2023 May 12,5244.435308852688,0.046912414793290474
b,413,2023 May 20,5251.724409402407,0.012107762110319546
c,275,2023 May 24,5256.333055453377,0.043218127428799644
b,414,2023 May 28,5259.646371497997,0.011569688204548737
b,415,2023 Jun 05,5267.567163331152,0.01070196351896031
c,276,2023 Jun 05,5268.232241200703,0.03931397004634278
b,416,2023 Jun 12,5275.487058752005,0.009917796198679388
c,277,2023 Jun 17,5280.1319165733385,0.03577358581758061
b,417,2023 Jun 20,5283.408652951693,0.009380979567170397
b,418,2023 Jun 28,5291.3291471806715,0.008540415584767754
c,278,2023 Jun 29,5292.032920063446,0.03211951729813213
b,419,2023 Jul 06,5299.248675330917,0.007785287293745731
c,279,2023 Jul 11,5303.934560585684,0.028997973757560806
b,420,2023 Jul 14,5307.169890542828,0.0072783858080551446
b,421,2023 Jul 22,5315.090092026112,0.006499053323346629
c,280,2023 Jul 23,5315.837380659999,0.025889511934009932
b,422,2023 Jul 30,5323.009259885323,0.005804955778036308
c,281,2023 Aug 04,5327.740936726835,0.0234979612731095
b,423,2023 Aug 07,5330.9301001181175,0.005356511499706173
b,424,2023 Aug 15,5338.850030217733,0.004675213123104229
c,282,2023 Aug 16,5339.645480866149,0.021256993803000755
b,425,2023 Aug 23,5346.768860462954,0.004077931974633945
c,283,2023 Aug 28,5351.550818387579,0.019886138298934396
b,426,2023 Aug 31,5354.689344722503,0.0037171857632793503
b,427,2023 Sep 08,5362.609040745157,0.0031785538011409246
c,284,2023 Sep 08,5363.456904551555,0.018714120148389222
b,428,2023 Sep 16,5370.527570963023,0.002725952896296167
c,285,2023 Sep 20,5375.363810359868,0.01841053590735798
b,429,2023 Sep 23,5378.447732540675,0.0024847052186556745
b,430,2023 Oct 01,5386.367246425395,0.0021492682757976527
c,286,2023 Oct 02,5387.271173504878,0.01813639619179228
b,431,2023 Oct 09,5394.285527661091,0.001907885764527373
c,287,2023 Oct 14,5399.179363596924,0.018551924335631534
b,432,2023 Oct 17,5402.205412838207,0.001806754251118414
b,433,2023 Oct 25,5410.124809092792,0.001711123463507809
c,288,2023 Oct 26,5411.087665921972,0.018683833081352352
b,434,2023 Nov 02,5418.042903814961,0.001688101794208306
c,289,2023 Nov 07,5422.99679698813,0.01933491444548397
b,435,2023 Nov 10,5425.962570033293,0.0016752993141619708
b,436,2023 Nov 18,5433.881923094515,0.0017162444431319146
c,290,2023 Nov 19,5434.905641985815,0.019414077790303245
b,437,2023 Nov 26,5441.799902556135,0.00178783153742859
c,291,2023 Dec 01,5446.815325542214,0.019971471756432276
b,438,2023 Dec 04,5449.719416121496,0.0017862359228081554
b,439,2023 Dec 12,5457.638807115279,0.0018421906455712439
c,292,2023 Dec 13,5458.724274791363,0.019748304839510778
b,440,2023 Dec 20,5465.55674835448,0.0019289140865535058
c,293,2023 Dec 25,5470.634093534682,0.020090269106548292
b,441,2023 Dec 27,5473.476181755414,0.0019461549165573297
b,442,2024 Jan 04,5481.39569480329,0.0020096235765328855
c,294,2024 Jan 06,5482.542686488324,0.019525741424046002
b,443,2024 Jan 12,5489.313677410023,0.0021305855619847525
c,295,2024 Jan 17,5494.452211473272,0.01971175542655971
b,444,2024 Jan 20,5497.233106344818,0.0022487545990753422
b,445,2024 Jan 28,5505.152824735522,0.002390979241158126
c,296,2024 Jan 29,5506.359986457813,0.0189687373811196
b,446,2024 Feb 05,5513.070927380586,0.0026075862435060173
c,297,2024 Feb 10,5518.268795345632,0.01922646057960477
b,447,2024 Feb 13,5520.990427596173,0.002904139424675837
b,448,2024 Feb 21,5528.910429905122,0.0031848996828141166
c,298,2024 Feb 22,5530.175311020354,0.018676594390148717
b,449,2024 Feb 29,5536.8287268953245,0.0035243928527874634
c,299,2024 Mar 05,5542.083006243798,0.019363056280999394
b,450,2024 Mar 08,5544.7483709558155,0.00400142732239898
b,451,2024 Mar 16,5552.668727353813,0.004419521310525258
c,300,2024 Mar 17,5553.987862263517,0.019504106844269786
b,452,2024 Mar 24,5560.58728533926,0.004865038568937477
c,301,2024 Mar 29,5565.8940884898475,0.020935945845433245
b,453,2024 Apr 01,5568.507139455591,0.005483073280657581
b,454,2024 Apr 08,5576.427908419396,0.00600702947907074
c,302,2024 Apr 10,5577.796944504141,0.022107187289568245
b,455,2024 Apr 16,5584.346783411388,0.006528115578942902
c,303,2024 Apr 22,5589.701404236316,0.024333782793314766
b,456,2024 Apr 24,5592.266904477582,0.007245491623325091
b,457,2024 May 02,5600.188130096874,0.007838383784389986
c,304,2024 May 04,5601.6019957665785,0.02649643906202741
b,458,2024 May 10,5608.107364948515,0.008402911205557044
c,305,2024 May 16,5613.50446289291,0.029313999207736467
b,459,2024 May 18,5616.027797936859,0.009182267624442044
b,460,2024 May 26,5623.949507975874,0.009807416888226792
c,306,2024 May 27,5625.402613174075,0.03218143956634778
b,461,2024 Jun 03,5631.869130461787,0.010383129596749557
c,307,2024 Jun 08,5637.302943320712,0.03531099448706302
b,462,2024 Jun 11,5639.789906321324,0.011189599906883748
b,463,2024 Jun 19,5647.712111136033,0.01181154868508542
c,308,2024 Jun 20,5649.198570527129,0.03855391358660701
b,464,2024 Jun 27,5655.6321327466185,0.012366439182857434
c,309,2024 Jul 02,5661.096707848988,0.04173673568168598
b,465,2024 Jul 05,5663.553266919541,0.013166482132222622
b,466,2024 Jul 12,5671.475959263181,0.013751713691968991
c,310,2024 Jul 14,5672.989827555953,0.045063716691811806
b,467,2024 Jul 20,5679.396374738736,0.014254779574821432
c,311,2024 Jul 26,5684.885807337428,0.04807619521201601
b,468,2024 Jul 28,5687.317866419702,0.01501618436358101
b,469,2024 Aug 05,5695.241022099798,0.015534051982902216
c,312,2024 Aug 07,5696.77653013268,0.05124332624506549
b,470,2024 Aug 13,5703.161809766066,0.015956350520136105
c,313,2024 Aug 19,5708.670477300154,0.05389269399253701
b,471,2024 Aug 21,5711.083641897717,0.016648886248016567
b,472,2024 Aug 29,5719.00722118643,0.017072596169397145
c,314,2024 Aug 31,5720.559002110845,0.05669851834015492
b,473,2024 Sep 06,5726.928344040866,0.017388356592365654
c,315,2024 Sep 11,5732.451125725049,0.05882018980290629
b,474,2024 Sep 14,5734.850484050697,0.017984715576972725
b,475,2024 Sep 22,5742.77443371217,0.018292221013434418
c,316,2024 Sep 23,5744.337729494932,0.06110183537819342
b,476,2024 Sep 30,5750.695841161881,0.018479911846070497
c,317,2024 Oct 05,5756.22831352081,0.06256019367868802
b,477,2024 Oct 08,5758.618242409614,0.018956691630023795
b,478,2024 Oct 16,5766.542498187698,0.019131418742266416
c,318,2024 Oct 17,5768.113338113389,0.06419208764470893
b,479,2024 Oct 23,5774.464128355304,0.019174667460730915
c,319,2024 Oct 29,5780.002729064748,0.06488321493371234
b,480,2024 Oct 31,5782.386732185584,0.01951328406174901
b,481,2024 Nov 08,5790.31122159172,0.019544671872605102
c,320,2024 Nov 10,5791.886566194771,0.06577734818806016
b,482,2024 Nov 16,5798.233004060799,0.019433002554821777
c,321,2024 Nov 22,5803.775158261151,0.06563241858342261
b,483,2024 Nov 24,5806.1557423266595,0.019620468054982562
b,484,2024 Dec 02,5814.080387620923,0.019504321056347147
c,322,2024 Dec 04,5815.6582331936415,0.0657392847518375
b,485,2024 Dec 10,5822.002246495528,0.019233704353383424
c,323,2024 Dec 16,5827.546451539425,0.06472805666378718
b,486,2024 Dec 18,5829.925044464191,0.019263257419424813
b,487,2024 Dec 26,5837.849765690022,0.019001932588967655
c,324,2024 Dec 27,5839.429206156912,0.06403789069717836
b,488,2025 Jan 03,5845.771622840197,0.018575140451360037
c,325,2025 Jan 08,5851.317489091381,0.062172247335652644
b,489,2025 Jan 11,5853.694402366157,0.018446671443687418
b,490,2025 Jan 19,5861.619120341798,0.018049169974562893
c,326,2025 Jan 20,5863.200364835805,0.06071657434623929
b,491,2025 Jan 27,5869.540898718915,0.017475972420045765
c,327,2025 Feb 01,5875.089145506541,0.058054639106474425
b,492,2025 Feb 03,5877.463581515471,0.017196342828170043
b,493,2025 Feb 11,5885.388220759868,0.016678241763034268
c,328,2025 Feb 13,5886.972566595735,0.05590856481777528
b,494,2025 Feb 19,5893.309847670851,0.015975509537116815
c,329,2025 Feb 25,5898.862254850784,0.05256083478570583
b,495,2025 Feb 27,5901.232358604991,0.015558783862742691
b,496,2025 Mar 07,5909.156850077341,0.014942113778349225
c,330,2025 Mar 09,5910.746612129847,0.04984727592997065
b,497,2025 Mar 15,5917.07826032549,0.014133906503874522
c,331,2025 Mar 21,5922.637577177183,0.04598816052395846
b,498,2025 Mar 23,5925.000530611768,0.013601645529718185
b,499,2025 Mar 31,5932.924814237541,0.012914813025902071
c,332,2025 Apr 02,5934.523212989796,0.04288696236794361
b,500,2025 Apr 08,5940.845952992452,0.012032699727716072
c,333,2025 Apr 13,5946.415767481479,0.03877964405449116
b,501,2025 Apr 16,5948.767923171585,0.011414668198368547
b,502,2025 Apr 24,5956.691950085081,0.010692664049619851
c,334,2025 Apr 25,5958.3029619891595,0.035548498231840676
b,503,2025 May 02,5964.612775361651,0.00977703643082803
c,335,2025 May 07,5970.197348180113,0.03159972025607275
b,504,2025 May 10,5972.534397948896,0.009113331525061094
b,505,2025 May 17,5980.458132349765,0.008399150684612288
c,336,2025 May 19,5982.086307619967,0.02861884340540557
b,506,2025 May 25,5988.378617018739,0.007503751702166004
c,337,2025 May 31,5993.982686277753,0.025477748354293315
b,507,2025 Jun 02,5996.299858680975,0.006851428430552043
b,508,2025 Jun 10,6004.223279236381,0.006201490743527002
c,338,2025 Jun 12,6005.873533773844,0.023301282025106198
b,509,2025 Jun 18,6012.143412396337,0.005408308126728661
c,339,2025 Jun 24,6017.77197647838,0.021865875174374327
b,510,2025 Jun 26,6020.064255566847,0.0048618551797654655
b,511,2025 Jul 04,6027.987356263816,0.004362617766089656
c,340,2025 Jul 06,6029.664745997998,0.021044629552381285
b,512,2025 Jul 12,6035.907143876598,0.0038220639844799733
c,341,2025 Jul 18,6041.565231420593,0.021819875890782103
b,513,2025 Jul 20,6043.827587694071,0.003552046857115316
b,514,2025 Jul 28,6051.750378060808,0.0033292294710882343
c,342,2025 Jul 29,6053.459865504903,0.02223766015545446
b,515,2025 Aug 05,6059.669842821956,0.0032405969479062913
c,343,2025 Aug 10,6065.3622800771145,0.024558380142594018
b,516,2025 Aug 13,6067.589903261414,0.0033701195719167167
b,517,2025 Aug 21,6075.512407898572,0.00340875122731312
c,344,2025 Aug 22,6077.2586318995145,0.025424253530997715
b,518,2025 Aug 28,6083.431588245657,0.0036685787528820883
c,345,2025 Sep 03,6089.162774941562,0.028219674123295353
b,519,2025 Sep 05,6091.35129745778,0.003993505203366568
b,520,2025 Sep 13,6099.273554858834,0.0040700615396735305
c,346,2025 Sep 15,6101.06061476443,0.02881853427005204
b,521,2025 Sep 21,6107.192503181352,0.004387821424260144
c,347,2025 Sep 27,6112.966208024377,0.03135971913454483
b,522,2025 Sep 29,6115.111908014242,0.004693742405422536
b,523,2025 Oct 07,6123.0339687066,0.004666214814763282
c,348,2025 Oct 09,6124.865234059836,0.031263950176382393
b,524,2025 Oct 15,6130.952748845614,0.004894975318035592
c,349,2025 Oct 21,6136.771935180542,0.03314926305252294
b,525,2025 Oct 23,6138.871908641991,0.00509031636205265
b,526,2025 Oct 31,6146.793832724604,0.004911155693884403
c,350,2025 Nov 02,6148.671788203424,0.0321415946607645
b,527,2025 Nov 08,6154.712516901833,0.005002472158831936
c,351,2025 Nov 14,6160.579207201617,0.03317377413209603
b,528,2025 Nov 16,6162.631500654829,0.0050587010087014455
b,529,2025 Nov 24,6170.553354892924,0.004737644882854926
c,352,2025 Nov 25,6172.479488185446,0.031199619951363243
b,530,2025 Dec 01,6178.472020254304,0.0046995191247306625
c,353,2025 Dec 07,6184.38720611755,0.03133645361939096
b,531,2025 Dec 09,6186.390903330701,0.004635850825871321
b,532,2025 Dec 17,6194.312757922176,0.004256569010675582
c,354,2025 Dec 19,6196.287495977696,0.028522305423226355
b,533,2025 Dec 25,6202.231482894648,0.004167004087885663
c,355,2025 Dec 31,6208.195084527929,0.027896004811583427
b,534,2026 Jan 02,6210.150343510418,0.004082492430013551
b,535,2026 Jan 10,6218.07226869132,0.00387806741102091
c,356,2026 Jan 12,6220.094964643806,0.024666934288036294
b,536,2026 Jan 18,6225.991129339938,0.003932845213214388
c,357,2026 Jan 24,6232.002005877728,0.023700031107945337
b,537,2026 Jan 26,6233.910044917617,0.004050806341124917
b,538,2026 Feb 03,6241.832107621493,0.004364784491894865
c,358,2026 Feb 05,6243.901078436528,0.02109696268367577
b,539,2026 Feb 11,6249.751174180798,0.004755491247588808
c,359,2026 Feb 17,6255.80718371824,0.020744702984936976
b,540,2026 Feb 19,6257.6702177996085,0.005224128426150515
b,541,2026 Feb 27,6265.592478492992,0.006068979917642408
c,360,2026 Mar 01,6267.705090657292,0.020641564700108826
b,542,2026 Mar 07,6273.5118122270815,0.0067385397035297605
c,361,2026 Mar 13,6279.609918001954,0.022098354461441146
b,543,2026 Mar 14,6281.431049314724,0.007471098400080965
b,544,2026 Mar 22,6289.353559166536,0.008629879732090819
c,362,2026 Mar 25,6291.506357907697,0.025478054776321812
b,545,2026 Mar 30,6297.273209689804,0.009453981330349758
c,363,2026 Apr 05,6303.4096268774865,0.028710890884742737
b,546,2026 Apr 07,6305.192695099704,0.010340803732012713
b,547,2026 Apr 15,6313.115493612859,0.011662988236211272
c,364,2026 Apr 17,6315.304368764289,0.03443038922178074
b,548,2026 Apr 23,6321.035496781224,0.012553709125145302
c,365,2026 Apr 29,6327.205872499566,0.03861283460506265
b,549,2026 May 01,6328.9552723846755,0.01351680037056373
b,550,2026 May 09,6336.878385594375,0.01490934853214506
c,366,2026 May 11,6339.098766018243,0.04540790497983354
b,551,2026 May 17,6344.79876205392,0.015799907785191823
c,367,2026 May 23,6350.998379869006,0.04990223528476986
b,552,2026 May 25,6352.718854956675,0.01677632099495467
b,553,2026 Jun 02,6360.642294277785,0.01816995762031737
c,368,2026 Jun 04,6362.889361405703,0.05701242832411619
b,554,2026 Jun 10,6368.563048722024,0.01900329842219495
c,369,2026 Jun 16,6374.787047692779,0.061380658828083086
b,555,2026 Jun 17,6376.483470191135,0.01993687420447678
b,556,2026 Jun 25,6384.407231887836,0.021273557107049645
c,370,2026 Jun 28,6386.6761422755135,0.06831909793350227
b,557,2026 Jul 03,6392.328353120721,0.021999440945817517
c,371,2026 Jul 10,6398.571951046293,0.07222386474172329
b,558,2026 Jul 11,6400.249098271544,0.02283917613186006
b,559,2026 Jul 19,6408.173163693745,0.024068660741984098
c,372,2026 Jul 21,6410.459270170229,0.07863506761254063
b,560,2026 Jul 27,6416.094625348639,0.024644019706601794
c,373,2026 Aug 02,6422.353335767121,0.08180264152043758
b,561,2026 Aug 04,6424.015673603263,0.02534487902149875
b,562,2026 Aug 12,6431.940010014012,0.026424480176358796
c,374,2026 Aug 14,6434.239071272279,0.08741220523180525
b,563,2026 Aug 20,6439.861772025597,0.026814691057134094
c,375,2026 Aug 26,6446.131605079281,0.08962540933682606
b,564,2026 Aug 28,6447.783088311292,0.027339158453296084
b,565,2026 Sep 05,6455.707650319086,0.028234529496514692
c,376,2026 Sep 07,6458.016019632094,0.09422546811063838
b,566,2026 Sep 13,6463.629660988031,0.02841478834436421
c,377,2026 Sep 19,6469.907299367872,0.09532650065016861
b,567,2026 Sep 21,6471.551197594746,0.028734458430612723
b,568,2026 Sep 28,6479.47592909069,0.029420581510756452
c,378,2026 Oct 01,6481.790714099208,0.0987735006082159
b,569,2026 Oct 06,6487.398127642035,0.02937697999166355
c,379,2026 Oct 13,6493.681070255673,0.09866881399974739
b,570,2026 Oct 14,6495.319826619036,0.02947386891590283
b,571,2026 Oct 22,6503.244663111679,0.029935894812026492
c,380,2026 Oct 25,6505.5638502979755,0.10088478402372328
b,572,2026 Oct 30,6511.166982576429,0.029666016810542324
c,381,2026 Nov 05,6517.4536505414235,0.09954889098699095
b,573,2026 Nov 07,6519.088778551533,0.02953339566097186
b,574,2026 Nov 15,6527.013649783985,0.029767151256199133
c,382,2026 Nov 17,6529.33618921997,0.10052263189904057
b,575,2026 Nov 23,6534.936020083742,0.029280084781145112
c,383,2026 Nov 29,6541.225821582499,0.09799950260234126
b,576,2026 Dec 01,6542.857843314772,0.028922744033164915
b,577,2026 Dec 09,6550.782676043623,0.028934799096896814
c,384,2026 Dec 11,6553.108524010643,0.09778609681832524
b,578,2026 Dec 17,6558.705027114604,0.028250514869999035
c,385,2026 Dec 23,6564.998379737049,0.09418772209779368
b,579,2026 Dec 25,6566.626806628763,0.027684437149458122
b,580,2027 Jan 02,6574.551527448659,0.02749167221017609
c,386,2027 Jan 04,6576.881646520782,0.0929056627048475
b,581,2027 Jan 09,6582.47379224702,0.02663982216993845
c,387,2027 Jan 16,6588.772103355737,0.08840792416398172
b,582,2027 Jan 17,6590.3954589480245,0.0258912407549346
b,583,2027 Jan 25,6598.319997053604,0.025519900231137607
c,388,2027 Jan 28,6600.656315007623,0.08623365481765724
b,584,2027 Feb 02,6606.242114341313,0.02453807953164102
c,389,2027 Feb 09,6612.547721596638,0.0810699988738671
b,585,2027 Feb 10,6614.163603924261,0.023642001066114037
b,586,2027 Feb 18,6622.087893737527,0.02312623648059966
c,390,2027 Feb 20,6624.433224153972,0.07822986809638244
b,587,2027 Feb 26,6630.009810545917,0.022057805257351334
c,391,2027 Mar 04,6636.325886126779,0.07268327995725406
b,588,2027 Mar 06,6637.931066140962,0.021056074197523672
b,589,2027 Mar 14,6645.855049714086,0.020436006119044284
c,392,2027 Mar 16,6648.212978347046,0.06944270688341568
b,590,2027 Mar 22,6653.7767234069515,0.01932756394985736
c,393,2027 Mar 28,6660.107146513071,0.06383584706978657
b,591,2027 Mar 30,6661.697697868226,0.018266528181451993
b,592,2027 Apr 07,6669.621326999364,0.017585885962227817
c,394,2027 Apr 09,6671.996068940279,0.060484448364806785
b,593,2027 Apr 15,6677.542726872674,0.016484484259461748
c,395,2027 Apr 21,6683.891929948523,0.05516540164570551
b,594,2027 Apr 22,6685.463384622153,0.015412368329076668
b,595,2027 Apr 30,6693.386622649866,0.014715704436353694
c,396,2027 May 03,6695.782856127209,0.0519941266052674
b,596,2027 May 08,6701.307731017843,0.01366589176318181
c,397,2027 May 15,6707.680525862794,0.04730944526274576
b,597,2027 May 16,6709.228049403883,0.012629924996147533
b,598,2027 May 24,6717.150872584233,0.011959543423736058
c,398,2027 May 27,6719.57355596262,0.04457172017895428
b,599,2027 Jun 01,6725.071685335246,0.011000424993872604
c,399,2027 Jun 07,6731.473075867579,0.04081084356192359
b,600,2027 Jun 09,6732.991655453552,0.010043902716381932
b,601,2027 Jun 17,6740.914053887445,0.009436972049780359
c,400,2027 Jun 19,6743.368232964478,0.03866109565434185
b,602,2027 Jun 25,6748.834580466061,0.008599975941427418
c,401,2027 Jul 01,6755.269569457902,0.03596390489698191
b,603,2027 Jul 03,6756.754207409667,0.007760027850822703
b,604,2027 Jul 11,6764.676185475414,0.0072475365816656945
c,402,2027 Jul 13,6767.1667987093415,0.03439329997161525
b,605,2027 Jul 19,6772.596448275577,0.006557498515716625
c,403,2027 Jul 25,6779.069845699525,0.03266820245806007
b,606,2027 Jul 27,6780.515750798849,0.00586656756622626
b,607,2027 Aug 03,6788.437326990776,0.005479622123107709
c,404,2027 Aug 06,6790.969016621133,0.03150704996587133
b,608,2027 Aug 11,6796.357360231225,0.004966373437194779
c,405,2027 Aug 18,6802.873601019991,0.03046585079481878
b,609,2027 Aug 19,6804.276369836715,0.004465707217535974
b,610,2027 Aug 27,6812.197576012931,0.004259586355227712
c,406,2027 Aug 30,6814.7745130292915,0.029506602157540363
b,611,2027 Sep 04,6820.117424109494,0.003988640069843198
c,407,2027 Sep 11,6826.680402931551,0.028842262523294117
b,612,2027 Sep 12,6828.036183594787,0.0037552140549732627
b,613,2027 Sep 20,6835.957063622224,0.0038319069042861923
c,408,2027 Sep 23,6838.582794023129,0.028028829422315934
b,614,2027 Sep 28,6843.87677914253,0.0039000450223352066
c,409,2027 Oct 04,6850.489709292766,0.0276232069167037
b,615,2027 Oct 06,6851.7953406707475,0.004002368161958436
b,616,2027 Oct 14,6859.7159485018765,0.0044167325070295724
c,410,2027 Oct 16,6862.393267620597,0.02720926090193598
b,617,2027 Oct 22,6867.635589815793,0.004819993973570359
c,411,2027 Oct 28,6874.300892369807,0.027262484095424002
b,618,2027 Oct 30,6875.554012584339,0.005208847933836353
b,619,2027 Nov 06,6883.474409841204,0.005902544242591633
c,412,2027 Nov 09,6886.2052701240245,0.027836734304782396
b,620,2027 Nov 14,6891.394038530511,0.0065517666733876205
c,413,2027 Nov 21,6898.113266528877,0.028810760977421173
b,621,2027 Nov 22,6899.312386194765,0.007147538705640101
b,622,2027 Nov 30,6907.232639372209,0.008059233541650954
c,414,2027 Dec 03,6910.01809573654,0.031003469665555047
b,623,2027 Dec 08,6915.152317596793,0.00888949454110622
c,415,2027 Dec 15,6921.926118426994,0.03327916268312761
b,624,2027 Dec 16,6923.070655486708,0.009646054454342119
b,625,2027 Dec 24,6930.990832914788,0.010736770053735663
c,416,2027 Dec 27,6933.831027717612,0.03727972719089027
b,626,2028 Jan 01,6938.910620780523,0.011705623034677847
c,417,2028 Jan 08,6945.73873828617,0.04085854219486465
b,627,2028 Jan 09,6946.829013099714,0.01259083400128575
b,628,2028 Jan 17,6954.749181821414,0.01382547949072531
c,418,2028 Jan 20,6957.643369842719,0.04637261080463483
b,629,2028 Jan 25,6962.66913488679,0.01489425623918527
c,419,2028 Feb 01,6969.5504510165265,0.050979394906956244
b,630,2028 Feb 02,6970.587641981142,0.01587481718101456
b,631,2028 Feb 10,6978.507864703682,0.017213924724013126
c,420,2028 Feb 12,6981.45447660299,0.057543784200028814
b,632,2028 Feb 17,6986.428031711346,0.018341301757871204
c,421,2028 Feb 24,6993.360645457104,0.06282940724533595
b,633,2028 Feb 25,6994.3467075250655,0.019378813002097116
b,634,2028 Mar 04,7002.267039797432,0.020777615586616588
c,422,2028 Mar 07,7005.263781157992,0.06999784985283608
b,635,2028 Mar 12,7010.187460711463,0.021919265802122626
c,423,2028 Mar 19,7017.168800605812,0.0756210310083212
b,636,2028 Mar 20,7018.106350531048,0.022970839312660675
b,637,2028 Mar 28,7026.026838290266,0.02438088762774577
c,424,2028 Mar 31,7029.070819378233,0.08299813507246222
b,638,2028 Apr 05,7033.947542708951,0.025491116615816836
c,425,2028 Apr 12,7040.9745079544555,0.08864016345506542
b,639,2028 Apr 13,7041.866681297034,0.02651143890366123
b,640,2028 Apr 21,7049.787358894631,0.027882940755057088
c,426,2028 Apr 24,7052.875249236125,0.09587507204090114
b,641,2028 Apr 29,7057.70836489773,0.028916843355856685
c,427,2028 May 06,7064.777488536276,0.10124177251959869
b,642,2028 May 07,7065.627775089769,0.029860592282026057
b,643,2028 May 15,7073.548663903324,0.031144885489078542
c,428,2028 May 18,7076.6768645740485,0.10802309626559657
b,644,2028 May 22,7081.469977379886,0.03206052125369212
c,429,2028 May 30,7088.577604011299,0.11284848613046172
b,645,2028 May 30,7089.38966921354,0.03288475664466267
b,646,2028 Jun 07,7097.310776901585,0.03403666576035673
c,430,2028 Jun 10,7100.475602752403,0.11890524694979865
b,647,2028 Jun 15,7105.232391388448,0.03479705271524461
c,431,2028 Jun 22,7112.3748611687215,0.12295746761394356
b,648,2028 Jun 23,7113.152361814305,0.035463402627270706
b,649,2028 Jul 01,7121.073682237477,0.036443350863884005
c,432,2028 Jul 04,7124.27154559398,0.1280635995196577
b,650,2028 Jul 09,7128.995579276057,0.037018166832439
c,433,2028 Jul 16,7136.169410077373,0.13115181337779475
b,651,2028 Jul 17,7136.915812491589,0.03749466932432648
b,652,2028 Jul 25,7144.8373262576115,0.03827048292848553
c,434,2028 Jul 28,7148.064913824913,0.13513147007827975
b,653,2028 Aug 02,7152.759476252757,0.03863739969152555
c,435,2028 Aug 09,7159.961535511293,0.13711210755288547
b,654,2028 Aug 10,7160.679944529201,0.03890000653098241
b,655,2028 Aug 18,7168.60162021914,0.03944825729528328
c,436,2028 Aug 21,7171.85605534889,0.1398443710366807
b,656,2028 Aug 26,7176.5239837576,0.03959385483379261
c,437,2028 Sep 02,7183.751642457873,0.14062589254650093
b,657,2028 Sep 02,7184.444648823571,0.03962747734824577
b,658,2028 Sep 10,7192.366444696898,0.0399343847344122
c,438,2028 Sep 14,7195.645428103521,0.14204785714398624
b,659,2028 Sep 18,7200.288974257517,0.03985461487492022
c,439,2028 Sep 26,7207.540236578898,0.14159343845503822
b,660,2028 Sep 26,7208.209789122314,0.03965369297677453
b,661,2028 Oct 04,7216.1316552252765,0.03971555812981654
c,440,2028 Oct 07,7219.433578456432,0.1417012499995356
b,662,2028 Oct 12,7224.0542972014355,0.03941576008175488
c,441,2028 Oct 19,7231.3279008078025,0.14002933821018546
b,663,2028 Oct 20,7231.975208303012,0.038984362590850516
b,664,2028 Oct 28,7239.897088874068,0.0388075231418135
c,442,2028 Oct 31,7243.2211163429165,0.13887691515821102
b,665,2028 Nov 05,7247.819785807114,0.03830200023818317
c,443,2028 Nov 12,7255.115269212541,0.13605957612429348
b,666,2028 Nov 13,7255.740735386732,0.03765348370817124
b,667,2028 Nov 21,7263.662571424693,0.03725382102515049
c,444,2028 Nov 24,7267.00868836553,0.1337551235520429
b,668,2028 Nov 29,7271.585264362105,0.03656502023120432
c,445,2028 Dec 06,7278.902999329179,0.12991437326352268
b,669,2028 Dec 07,7279.5061929557505,0.035721279010036085
b,670,2028 Dec 14,7287.427924842024,0.03512332751956329
c,446,2028 Dec 18,7290.796950006985,0.12661486208350406
b,671,2028 Dec 22,7295.350555725563,0.03428066106546938
c,447,2028 Dec 30,7302.691744172375,0.1219171502903979
b,672,2028 Dec 30,7303.271404674404,0.03327101988055051
b,673,2029 Jan 07,7311.192974775952,0.03250670352598184
c,448,2029 Jan 11,7314.5865379904235,0.11782100611741106
b,674,2029 Jan 15,7319.115488750226,0.03154509457593578
c,449,2029 Jan 22,7326.4821248732715,0.112470113486053
b,675,2029 Jan 23,7327.036202643151,0.030404900601594256
b,676,2029 Jan 31,7334.957557794772,0.029511959688006854
c,450,2029 Feb 03,7338.378043707156,0.10780830550607828
b,677,2029 Feb 08,7342.8799053802695,0.028470172735048073
c,451,2029 Feb 15,7350.274704778165,0.10203687342084163
b,678,2029 Feb 16,7350.800434350903,0.027239149299649802
b,679,2029 Feb 24,7358.721528149168,0.02625933388679727
c,452,2029 Feb 27,7362.171988504006,0.09706241617372278
b,680,2029 Mar 04,7366.643667205594,0.025178163326801936
c,453,2029 Mar 11,7374.069965757028,0.0911222404151929
b,681,2029 Mar 12,7374.563969014798,0.023898609833154
b,682,2029 Mar 19,7382.48476386961,0.02287572212051136
c,454,2029 Mar 23,7385.968801553837,0.0860978997100865
b,683,2029 Mar 27,7390.406661261934,0.02179619320952695
c,455,2029 Apr 04,7397.868287581999,0.08024843461704895
b,684,2029 Apr 04,7398.32670311338,0.020511161149703458
b,685,2029 Apr 12,7406.247171988924,0.019489127648969734
c,456,2029 Apr 16,7409.768801011803,0.0754324435615745
b,686,2029 Apr 20,7414.168804908606,0.018450970081124035
c,457,2029 Apr 28,7421.669930846616,0.06992685628190856
b,687,2029 Apr 28,7422.088564926276,0.01720268856671899
b,688,2029 May 06,7430.008692701141,0.016224048527884838
c,458,2029 May 10,7433.572179167924,0.06555588526486512
b,689,2029 May 14,7437.930049597145,0.015264954491729868
c,459,2029 May 21,7445.475024090094,0.060623579800661014
b,690,2029 May 22,7445.849517897762,0.014094185076511764
b,691,2029 May 30,7453.769302270807,0.013199866795945234
c,460,2029 Jun 02,7457.378992299451,0.0568929210762231
b,692,2029 Jun 07,7461.6903833229535,0.01235673589269393
c,461,2029 Jun 14,7469.2835559623,0.052718430661522986
b,693,2029 Jun 15,7469.609562652286,0.01130454228621773
b,694,2029 Jun 23,7477.529014522434,0.010536790363295445
c,462,2029 Jun 26,7481.189155840699,0.04976272433849509
b,695,2029 Jun 30,7485.449831636363,0.009851256705965546
c,463,2029 Jul 08,7493.095373091323,0.04646539043748444
b,696,2029 Jul 08,7493.368737521843,0.00896616380633994
b,697,2029 Jul 16,7501.2878807780935,0.008377446058142167
c,464,2029 Jul 20,7505.002445426785,0.044350988890580555
b,698,2029 Jul 24,7509.208457093057,0.007907783185495778
c,465,2029 Aug 01,7516.910183517133,0.04198035093534224
b,699,2029 Aug 01,7517.127117499515,0.007259968530335352
b,700,2029 Aug 09,7525.045988168104,0.006924820830148445
c,466,2029 Aug 13,7528.818504116901,0.04072509589260215
b,701,2029 Aug 17,7532.966357088063,0.006752806286638297
c,467,2029 Aug 25,7540.727566413332,0.03928948840794305
b,702,2029 Aug 25,7540.8848114983075,0.00643378250294085
b,703,2029 Sep 02,7548.803456324992,0.006428239240484652
c,468,2029 Sep 06,7552.636855686534,0.038912921023785775
b,704,2029 Sep 10,7556.72366011123,0.006612785909727822
c,469,2029 Sep 18,7564.546988105717,0.03843438380248094
b,705,2029 Sep 18,7564.641958069131,0.006664643011146327
b,706,2029 Sep 26,7572.560432565758,0.006986127752046978
c,470,2029 Sep 29,7576.456923600345,0.03900320491590522
b,707,2029 Oct 03,7580.480520553171,0.0074887267863684775
c,471,2029 Oct 11,7588.367823274761,0.03955015787458811
b,708,2029 Oct 11,7588.3987198261575,0.007846212604862858
b,709,2029 Oct 19,7596.317085763903,0.008414237507491845
c,472,2029 Oct 23,7600.278054995487,0.041163590455164586
b,710,2029 Oct 27,7604.237112283193,0.009147918380003008
b,711,2029 Nov 04,7612.155276540567,0.00971813750838729
c,473,2029 Nov 04,7612.189381684028,0.04281529648242749
b,712,2029 Nov 12,7620.073599197009,0.010459969674111055
c,474,2029 Nov 16,7624.099548413238,0.04552696499818508
b,713,2029 Nov 20,7627.99362129699,0.011362590829609083
b,714,2029 Nov 28,7635.911817445575,0.012083250223285357
c,475,2029 Nov 28,7636.010938380493,0.04829603576779717
b,715,2029 Dec 06,7643.830162711735,0.01295468384238951
c,476,2029 Dec 10,7647.920683916529,0.0520482758340568
b,716,2029 Dec 14,7651.75023778178,0.013989200165645572
b,717,2029 Dec 22,7659.66853307136,0.014820473700582103
c,477,2029 Dec 22,7659.831765663111,0.055838974890971664
b,718,2029 Dec 30,7667.586964581054,0.015789476657260056
c,478,2030 Jan 03,7671.740754210191,0.06046300823274085
b,719,2030 Jan 07,7675.507147970972,0.016926596525788873
b,720,2030 Jan 14,7683.425606999154,0.017834904445258093
c,479,2030 Jan 15,7683.651166050993,0.06508638464772597
b,721,2030 Jan 22,7691.344183429767,0.018869844748253088
c,480,2030 Jan 27,7695.559095361544,0.07034375770746025
b,722,2030 Jan 30,7699.2645261584485,0.020078875083389625
b,723,2030 Feb 07,7707.183207933666,0.021029043414697725
c,481,2030 Feb 07,7707.468502613135,0.0755541140860449
b,724,2030 Feb 15,7715.10198059026,0.02209476795999929
c,482,2030 Feb 19,7719.375115441931,0.08117585851552535
b,725,2030 Feb 23,7723.022527228759,0.02334113163508737
b,726,2030 Mar 03,7730.94148245901,0.024294511122238256
c,483,2030 Mar 03,7731.283226547189,0.0867005122258007
b,727,2030 Mar 11,7738.860493224703,0.02535243267286327
c,484,2030 Mar 15,7743.188319947895,0.09241109247365116
b,728,2030 Mar 19,7746.781280031644,0.026598219523228023
b,729,2030 Mar 27,7754.700548800675,0.027513599860655828
c,485,2030 Mar 27,7755.094900248938,0.09796973267146514
b,730,2030 Apr 04,7762.619828516684,0.0285233384894953
c,486,2030 Apr 08,7766.998332940421,0.1035009478150199
b,731,2030 Apr 12,7770.540881897287,0.02972897423196799
b,732,2030 Apr 19,7778.46049186876,0.030564579384225018
c,487,2030 Apr 20,7778.903214996242,0.10881905278443343
b,733,2030 Apr 27,7786.3800591941,0.031486049451679377
c,488,2030 May 02,7790.804912647392,0.1139197476008934
b,734,2030 May 05,7794.301394548235,0.03261226957847618
b,735,2030 May 13,7802.221359803704,0.03332802373831236
c,489,2030 May 14,7802.708003364083,0.11873988739284955
b,736,2030 May 21,7810.141220593634,0.03412350871347742
c,490,2030 May 26,7814.6079609132275,0.12318384840960053
b,737,2030 May 29,7818.062841606562,0.03513330533614361
b,738,2030 Jun 06,7825.983162181354,0.03569299192541908
c,491,2030 Jun 07,7826.509244777328,0.1272755506189401
b,739,2030 Jun 14,7833.903309404589,0.03632901861193999
c,492,2030 Jun 18,7838.407526061514,0.13086883488290071
b,740,2030 Jun 22,7841.82520782223,0.03718941339977678
b,741,2030 Jun 30,7849.745869955842,0.037562542189066614
c,493,2030 Jun 30,7850.307064319339,0.13403721303812394
b,742,2030 Jul 08,7857.666284141382,0.03801147889801703
c,494,2030 Jul 12,7862.203799030816,0.13662461379752186
b,743,2030 Jul 16,7865.588440059733,0.038695033789335136
b,744,2030 Jul 24,7873.509417126583,0.03885832118364337
c,495,2030 Jul 24,7874.101725082313,0.13871750595345747
b,745,2030 Jul 31,7881.430067354174,0.03909962623044155
c,496,2030 Aug 05,7885.9971030302,0.14018783357135464
b,746,2030 Aug 08,7889.3524499789955,0.03958566689077906
b,747,2030 Aug 16,7897.27370402225,0.03952408834540847
c,497,2030 Aug 17,7897.893614584198,0.14110123350020426
b,748,2030 Aug 24,7905.194549371901,0.0395451966946085
c,498,2030 Aug 29,7909.787877434785,0.1413910747361908
b,749,2030 Sep 01,7913.117118250843,0.03982069724287518
b,750,2030 Sep 09,7921.038602005301,0.039528100133976625
c,499,2030 Sep 10,7921.683225904901,0.141072593054516
b,751,2030 Sep 17,7928.959593399929,0.039324947402567006
c,500,2030 Sep 22,7933.576656877167,0.14016849572244022
b,752,2030 Sep 25,7936.88230006733,0.03938504897818123
b,753,2030 Oct 03,7944.80395933949,0.03886434789677878
c,501,2030 Oct 03,7945.471134691047,0.13861888316478288
b,754,2030 Oct 11,7952.725041701933,0.03844151759051919
c,502,2030 Oct 15,7957.364046699446,0.13655788366620586
b,755,2030 Oct 19,7960.647831651361,0.038289684407962425
b,756,2030 Oct 27,7968.569607921302,0.037552678148633535
c,503,2030 Oct 27,7969.257973278957,0.13383072997866036
b,757,2030 Nov 03,7976.49072254413,0.036923184511440985
c,504,2030 Nov 08,7981.150695989137,0.1306993282754571
b,758,2030 Nov 11,7984.413537436191,0.036571007664448464
b,759,2030 Nov 19,7992.335370559869,0.03563785041318523
c,505,2030 Nov 20,7993.044403106292,0.12689920676511518
